Bmaxl,Bmaxr,Emaxl,Emaxr,main_titles,names
2.41520808186,2.41521166046,0.966459517023,0.966456858741,Cross Section 2,xc2
9.20690472417,9.20691028246,3.64199383243,3.64198255113,Cross Section 3,xc3
6.47968698918,7.11748627664,2.93818259504,3.26869247162,Cross Section 1,xc1
10.7100683619,10.7100683619,3.00897671227,3.00897671227,Cross Section 4,xc4
10.0793556337,10.0793301077,4.29029788674,4.29030661594,Cross Section 5,xc5
